Time,Open,High,Low,Close,Volume
1620172800000,69029.9,74864.4,69029.9,74324.9,12.0596666
1620259200000,74427.4,75319.6,71406.7,72601.1,8.54488301
1620345600000,72544.1,75014.2,71527.6,73322.7,12.53314406
1620432000000,73772.5,76050.8,73119.9,75195.7,18.17203394
1620518400000,75312.3,75995.9,72184.5,74452.5,14.41611167
1620604800000,74588.7,76085.4,69500.0,71760.6,25.48546814
1620691200000,71760.0,73025.0,69949.0,72914.0,27.15478503
1620777600000,73356.7,74673.4,63494.6,64106.5,44.13669692
1620864000000,64140.9,66995.2,60868.4,64683.6,57.35874096
1620950400000,64788.8,66525.8,63557.3,64532.9,14.93660923
1621036800000,64381.4,65591.5,60400.0,60635.0,12.29206902
1621123200000,60772.4,64094.7,56733.2,60065.5,26.61572953
1621209600000,59974.1,60193.9,54452.0,55863.5,39.06919813
1621296000000,56175.5,58914.0,54331.0,55151.4,35.23200152
1621382400000,55101.3,55866.0,40250.0,48251.1,83.74052752
1621468800000,48240.4,55139.8,45531.7,52914.0,50.02342273
1621555200000,53207.8,54675.8,43545.6,48438.4,72.88389442
1621641600000,48449.2,50262.5,45839.1,48483.6,33.79927676
1621728000000,48482.4,49509.9,40521.3,45347.2,61.98229481
1621814400000,45405.2,51636.1,44408.0,50154.2,31.16097678
1621900800000,50480.4,51535.4,47241.3,49280.8,28.3479232
1621987200000,49644.6,52721.0,49086.0,50652.3,34.7236337
1622073600000,50748.9,52154.7,48000.0,49789.2,17.80870554
1622160000000,49650.0,50416.3,45250.3,46355.4,18.24064151
1622246400000,46502.8,48453.1,43897.8,45123.6,8.96931659
1622332800000,45047.7,47512.1,43624.2,46494.3,6.59509267
1622419200000,46467.1,48436.7,44494.2,48293.8,10.32790962
1622505600000,48697.4,48940.5,46357.1,47652.0,13.195162
1622592000000,47533.6,49282.5,46676.2,48663.3,16.69422051
1622678400000,49001.5,51337.8,48263.5,51132.8,8.946996
1622764800000,50891.2,50914.2,46695.3,47702.1,23.25857985
1622851200000,47614.9,49110.1,45360.5,45980.9,5.52420307
1622937600000,46066.8,47186.4,45822.0,46377.8,4.81583272
1623024000000,46422.1,47687.7,43175.9,43417.6,16.04682712
1623110400000,43308.6,43995.9,40352.4,43451.9,20.78027003
1623196800000,43451.0,48578.1,42112.6,48578.1,23.84180232
1623283200000,48741.4,49533.5,46469.5,47555.8,9.40145387
1623369600000,47250.0,48570.2,46551.3,48565.3,3.69906559
1623456000000,48492.9,48558.5,45318.3,46435.1,10.11616537
1623542400000,45976.9,50812.4,45072.2,50695.7,6.06032136
1623628800000,50734.4,53000.0,50357.7,52566.6,15.55047993
1623715200000,52808.0,53656.7,51456.0,52168.5,7.46036269
1623801600000,52102.3,52638.8,49938.6,50326.3,13.73389405
1623888000000,50289.2,52087.6,49554.5,50280.0,9.4304125
1623974400000,50277.4,50419.0,47000.0,47911.3,13.11118529
1624060800000,48008.2,48747.2,46847.3,47764.3,5.29755108
1624147200000,47818.2,48310.0,44847.2,47743.0,11.34001138
1624233600000,47563.7,47750.0,41898.0,42129.4,16.15871272
1624320000000,42072.5,44237.6,38669.0,42774.9,33.15879715
1624406400000,43115.5,45996.0,42985.1,44649.4,5.70454193
1624492800000,44584.7,46451.9,43000.0,45828.5,11.33471156
1624579200000,45912.6,46797.4,41462.8,41970.0,10.20236729
1624665600000,41680.0,43162.1,39945.8,42459.3,11.24049928
1624752000000,42635.7,45777.2,42438.8,45777.2,9.22723423
1624838400000,45950.1,46451.9,44880.9,45554.1,11.52682561
1624924800000,45741.1,48486.4,45438.0,47724.5,11.29468342
1625011200000,47785.1,47928.1,45498.5,46800.0,13.18523449
1625097600000,46474.3,46693.0,43913.0,44946.1,5.61487542
1625184000000,44906.8,45383.5,43499.4,45056.1,14.88206414
1625270400000,45004.8,46392.1,44384.5,45711.7,4.08370494
1625356800000,46090.9,47773.9,45767.4,46879.2,6.14649866
1625443200000,46720.0,46720.0,44109.0,44834.5,7.97178372
1625529600000,44791.2,46100.6,44712.9,45657.7,4.90366751
1625616000000,45568.1,46560.8,45207.1,45207.1,5.17884973
1625702400000,45245.4,45245.4,43378.3,44271.8,10.9010609
1625788800000,44058.6,45520.0,43757.8,45461.9,7.50921194
1625875200000,45570.4,45789.7,44289.9,44900.0,2.16885366
1625961600000,44824.6,46128.9,44620.1,45882.3,1.72255598
1626048000000,45814.4,46236.7,43777.0,44510.0,9.7060345
1626134400000,44387.0,44685.3,43418.4,44011.5,9.51239124
1626220800000,44093.4,44288.0,42596.2,43925.2,17.94772393
1626307200000,43949.8,44190.9,42133.8,42620.1,4.97015818
1626393600000,42791.3,43459.9,41989.1,42511.1,5.98180769
1626480000000,42433.8,43159.1,42292.8,42790.5,4.38438828
1626566400000,42621.0,43833.8,42225.8,43079.8,2.66804192
1626652800000,43068.6,43275.8,41458.0,42216.9,11.18524882
1626739200000,42285.4,42285.4,40000.0,40513.7,22.66425506
1626825600000,40502.8,44502.9,40205.1,43679.7,15.85054978
1626912000000,43736.2,44270.3,43060.6,43794.5,9.11887789
1626998400000,43854.6,45691.1,43669.3,45691.1,13.13838479
1627084800000,45659.1,46940.8,45630.5,46663.1,10.20989678
1627171200000,46782.4,48050.0,46239.8,48050.0,2.42298589
1627257600000,48486.4,54777.0,48486.4,50806.9,30.9162309
1627344000000,50293.4,53640.7,49546.9,53640.7,21.38641405
1627430400000,53430.0,55725.1,53034.3,54265.5,15.72577991
1627516800000,54216.1,54839.2,53443.8,54104.0,13.24246409
1627603200000,54194.4,57186.7,52029.8,57064.3,13.32849614
1627689600000,57709.8,57709.8,56152.0,56900.0,12.03333239
1627776000000,56305.9,58067.3,53796.3,54659.9,15.18388684
1627862400000,54368.6,54855.9,52645.9,53402.8,22.51814835
1627948800000,52978.8,53970.6,51275.9,51646.4,10.76832078
1628035200000,51787.1,54396.7,50875.0,54210.2,14.52248985
1628121600000,53931.0,55838.5,50677.3,55251.4,18.6425032
1628208000000,55183.4,58742.7,54099.2,58078.4,11.23611295
1628294400000,58192.4,60901.9,58033.2,60775.9,6.13703896
1628380800000,60560.0,61591.4,59236.2,59796.6,3.45681686
1628467200000,59797.5,63320.9,58437.2,63160.3,14.72558905
1628553600000,64028.0,64028.0,60958.4,62000.0,13.46650929
1628640000000,62000.0,63500.0,61810.0,61936.8,21.55285617
1628726400000,61891.7,62856.2,59881.0,60636.2,12.9999821
1628812800000,60871.9,64847.7,60704.0,64691.7,10.6671848
1628899200000,64932.7,65442.7,62620.6,64056.1,5.67160017
1628985600000,64170.3,64360.7,62000.0,63868.9,3.6569504
1629072000000,64101.0,65431.0,62427.4,62450.0,5.55447824
1629158400000,62663.0,64509.7,61103.4,61239.5,25.82789133
1629244800000,61433.8,63476.1,61034.0,62237.0,12.40507808
1629331200000,61859.7,65556.9,61200.0,65313.7,11.98557218
1629417600000,65484.5,69193.0,65309.8,69193.0,7.0822201
1629504000000,69204.9,69503.9,68000.0,68557.9,9.93242061
1629590400000,68418.3,69290.7,67439.2,68985.7,9.27167229
1629676800000,69000.0,70412.3,68269.7,68877.7,6.14964324
1629763200000,68985.2,69017.9,65854.7,65854.7,7.40288955
1629849600000,65936.5,67509.0,65031.4,67421.9,6.43879349
1629936000000,67380.9,67849.8,64000.0,64917.0,5.76898285
1630022400000,64820.2,67418.6,64302.9,67309.6,5.4549601
1630108800000,67375.6,67758.6,66654.9,67181.6,4.556701
1630195200000,67228.6,68266.1,66033.8,66858.9,11.06728481
1630281600000,66801.1,66874.3,64316.6,64402.8,5.8352021
1630368000000,64380.9,65934.9,64000.0,64670.7,7.1559771
1630454400000,64445.6,66568.3,63781.4,66321.3,8.52594696
1630540800000,66502.6,68201.0,66184.6,66794.1,13.90367506
1630627200000,66727.0,68428.5,65559.1,67269.1,13.74945196
1630713600000,67230.0,67985.3,66706.9,67281.4,4.24193622
1630800000000,67179.5,69743.2,66740.1,69586.5,7.9313116
1630886400000,69638.4,71030.0,68729.9,70991.4,8.35883061
1630972800000,70771.0,71252.7,55000.0,63479.6,19.33159532
1631059200000,63591.6,64340.2,60583.4,62634.9,13.34814421
1631145600000,62693.9,64059.5,61885.8,63073.3,10.85551888
1631232000000,63040.0,63980.8,60403.6,61048.2,10.13845012
1631318400000,61245.2,62550.3,61245.2,61615.5,2.45337042
1631404800000,61760.2,63084.0,61222.5,62580.2,7.74654724
1631491200000,62796.4,63352.4,59420.7,61150.2,7.24548919
1631577600000,61150.0,64643.1,60900.0,64379.4,9.44921604
1631664000000,64350.9,66106.9,64116.4,65781.7,9.11047554
1631750400000,65700.0,66525.0,64790.3,65676.9,5.17819409
1631836800000,65695.3,66288.7,64600.0,65204.8,10.05108626
1631923200000,65275.5,67230.8,65129.4,66489.1,1.95422251
1632009600000,66737.4,66737.4,64602.8,65152.7,7.0834867
1632096000000,65150.0,65244.3,58834.0,59106.6,24.3652243
1632182400000,59301.4,60243.2,55159.8,56424.6,68.70377747
1632268800000,56388.8,60497.2,56279.4,60410.0,9.8711057
1632355200000,60327.0,61852.6,59741.2,61705.6,8.86861342
1632441600000,61773.4,62184.1,56631.3,59037.1,17.23111148
1632528000000,59101.9,59285.7,57688.5,59038.6,4.70895002
1632614400000,58797.5,60717.9,56526.3,59805.2,5.94387447
1632700800000,59579.7,61169.2,58065.6,58123.7,10.04746754
1632787200000,58120.4,58815.9,56752.7,56788.2,8.66514575
1632873600000,56803.9,59123.7,56600.0,58007.2,11.20399986
1632960000000,58057.2,61010.0,57895.0,60736.5,7.69315038
1633046400000,60835.8,66908.1,59928.3,66220.0,16.28663258
1633132800000,66374.5,66688.0,65448.5,65763.6,5.89170445
1633219200000,65851.0,67832.6,65120.5,66450.8,7.60540449
1633305600000,66396.9,68000.0,64671.0,67677.9,15.67233757
1633392000000,67747.9,71344.7,67624.3,70912.8,8.9538126
1633478400000,70617.9,76496.4,70000.0,76035.1,18.41827691
1633564800000,76154.5,76154.5,73348.0,73745.2,7.27641748
1633651200000,73937.7,76798.2,73541.6,73971.5,9.48470818
1633737600000,73947.9,76024.5,73668.1,75648.0,6.11882365
1633824000000,75673.2,77452.2,74517.0,75187.6,7.74642312
1633910400000,75126.4,78841.2,74905.8,78524.8,14.52591983
1633996800000,78390.5,78642.2,73895.0,76632.2,104.54879751
1634083200000,76672.4,78258.9,74013.5,77894.2,49.57797461
1634169600000,77841.6,79401.0,77000.0,77323.9,11.39505571
1634256000000,77350.5,84476.4,76884.3,83441.1,18.14113478
1634342400000,83155.2,84246.6,81521.2,82350.3,8.92373312
1634428800000,81945.0,83328.1,79995.7,83068.9,8.70783245
1634515200000,83084.6,84656.7,81488.9,83758.3,10.73612933
1634601600000,83752.9,86310.6,82567.9,86022.3,19.12181736
1634688000000,86022.3,90010.1,84892.2,88530.6,65.02840078
1634774400000,88322.1,89541.7,83317.3,83749.9,102.84420581
1634860800000,83691.7,85034.8,80618.6,81499.1,18.06663533
1634947200000,81332.9,82815.5,80370.8,82393.1,5.34814424
1635033600000,82410.8,82424.1,80344.5,81703.0,4.78779407
1635120000000,81792.6,85281.7,81510.9,84388.0,135.13033875
1635206400000,84498.0,84687.9,80450.7,80680.5,22.16874123
1635292800000,80624.2,82123.6,77400.0,78542.3,23.21035639
1635379200000,78486.6,83281.6,77396.3,80817.1,180.55584221
1635465600000,80933.8,84133.5,80516.8,83197.3,131.25298661
1635552000000,83051.2,83082.2,81229.1,82371.6,4.9160506
1635638400000,82769.5,83268.4,80465.8,82023.0,17.76882532
1635724800000,82135.9,83620.9,79668.3,81366.5,8.89530555
1635811200000,81366.5,86443.2,80960.2,85157.9,6.65387884
1635897600000,85365.4,85497.0,82000.0,84685.1,11.26256195
1635984000000,84505.3,84763.9,82599.9,83299.3,15.68072237
1636070400000,83220.5,84814.1,82392.2,82467.8,12.77901409
1636156800000,82455.2,84070.6,81363.0,84045.1,105.48952234
1636243200000,84045.1,85748.4,83614.0,85748.4,19.49271698
1636329600000,86130.9,91518.1,86068.0,91194.7,7.49977755
1636416000000,91139.3,92858.2,90479.8,91365.5,212.78735771
1636502400000,91290.5,94994.2,87026.9,89091.5,116.61484939
1636588800000,88972.5,90268.7,88017.1,89236.0,12.43585577
1636675200000,89132.0,90251.6,85832.5,88390.6,21.37787199
1636761600000,88206.1,88859.9,86945.0,88210.1,7.89368757
1636848000000,88373.7,89250.0,87124.4,89250.0,11.35725626
1636934400000,89583.0,90587.4,86772.1,87150.6,9.35328799
1637020800000,86707.0,86707.0,80291.2,82839.9,21.5548432
1637107200000,82701.4,84377.7,80999.9,83504.1,110.11972694
1637193600000,83349.8,84389.5,78043.1,78536.5,16.47376293
1637280000000,78522.0,80722.6,76917.0,80470.9,14.10638884
1637366400000,80544.0,82872.0,79708.0,82868.4,3.48564971
1637452800000,82549.6,82914.7,81233.7,81483.8,2.53908475
1637539200000,81233.8,81851.0,77200.0,78049.8,10.72452415
1637625600000,77872.9,80075.5,76917.0,80054.7,13.78180452
1637712000000,79928.7,79955.4,77890.9,79485.3,7.81911697
1637798400000,79630.4,82757.7,79295.7,82192.8,4.8476225
1637884800000,82375.7,82693.5,75113.6,75398.7,27.88698078
1637971200000,75684.2,78002.6,75476.7,76960.6,8.60356559
1638057600000,77005.0,80635.5,75577.4,80290.7,4.74052189
1638144000000,80419.4,82578.9,79534.3,81079.1,12.62979919
1638230400000,80841.3,82618.9,78973.0,79939.4,9.99335417
1638316800000,79879.2,82571.6,79254.3,80442.6,7.38866566
1638403200000,80580.0,80707.1,78611.8,79733.6,7.61678696
1638489600000,79763.4,81021.6,74100.0,76721.2,27.32615737
1638576000000,76663.8,76898.6,62442.3,70819.9,42.41208222
1638662400000,70982.6,72062.9,68653.9,70502.6,11.65772997
1638748800000,70793.7,72488.9,67205.8,71957.3,17.3006294
1638835200000,72084.1,73139.1,70716.9,71278.4,12.04890815
1638921600000,71255.2,71593.5,68626.4,70844.7,11.07308033
1639008000000,70869.1,71130.4,66542.1,66980.9,12.37622085
1639094400000,66990.8,70000.0,65901.9,66190.0,14.2948392
1639180800000,66143.0,69261.7,65535.3,69261.7,4.53844148
1639267200000,69277.2,70964.1,68222.9,70132.5,3.73297171
1639353600000,70143.2,70284.8,64455.0,65749.6,10.73601493
1639440000000,65591.0,68469.2,65348.7,68357.5,6.40418729
1639526400000,68015.8,69290.7,65663.7,68209.7,10.2356113
1639612800000,68371.6,68710.5,66413.9,66494.0,6.9908187
1639699200000,66504.1,70346.2,64000.0,64911.2,54.81688589
1639785600000,64775.3,66502.7,64214.0,65881.6,4.24376749
1639872000000,65869.6,71165.8,65391.9,66076.8,17.94317863
1639958400000,65859.8,66612.0,62733.6,66236.7,25.31984629
1640044800000,66202.1,69238.6,65927.3,68621.9,7.97877891
1640131200000,68614.3,69455.5,67441.1,67714.5,4.59875288
1640217600000,67357.2,70924.7,66699.9,70474.7,8.50120084
1640304000000,70496.8,71803.6,69974.7,70606.3,5.81067685
1640390400000,70457.2,70984.0,69945.6,70001.3,2.12726886
1640476800000,70000.0,71070.0,68596.1,70402.0,4.13045292
1640563200000,70466.6,72000.0,69980.6,70089.6,5.05705993
1640649600000,70093.0,70093.0,65741.5,66100.0,7.58469675
1640736000000,66020.4,66877.1,63881.3,64225.1,7.26160198
1640822400000,64333.3,66236.7,63705.2,65292.7,5.48884701
1640908800000,65192.0,67070.7,63000.0,63990.0,5.12648981
1640995200000,63844.8,66023.5,63745.0,65809.9,7.42894868
1641081600000,65914.9,66061.3,64482.3,65276.6,4.11771068
1641168000000,65236.0,65644.9,63762.8,64503.6,4.21599857
1641254400000,64729.4,65742.2,63389.5,63389.5,4.89673044
1641340800000,63499.0,64891.5,59260.0,60448.0,18.7954162
1641427200000,60271.3,60926.6,59459.2,60309.8,14.51851327
1641513600000,60287.1,60295.4,57069.5,57988.0,9.84946472
1641600000000,58051.6,59072.6,56746.4,58363.0,7.99818498
1641686400000,58315.1,59662.4,57741.7,58574.0,4.62611513
1641772800000,58510.0,58990.8,55571.9,58439.8,15.89656537
1641859200000,58375.6,59963.0,57825.8,59540.4,8.63757447
1641945600000,59486.6,60953.1,59000.1,60478.0,8.75904145
1642032000000,60477.9,60934.3,58381.5,58612.1,12.44492681
1642118400000,58551.2,60294.5,57782.8,59809.5,9.0228411
1642204800000,60008.6,60641.1,59464.9,59948.8,2.89169084
1642291200000,59889.4,60406.7,59350.0,59725.1,2.7231197
1642377600000,59779.0,59920.1,57928.3,58672.0,14.85816222
1642464000000,58737.0,59373.0,57602.7,59187.2,9.12340823
1642550400000,59086.0,59202.2,57400.0,57909.4,10.55631932
1642636800000,57922.9,59940.1,56357.2,56500.2,8.61503214
1642723200000,56454.0,57073.8,49728.1,50791.2,21.37888977
1642809600000,51065.4,51280.4,47545.4,48936.4,14.33951539
1642896000000,49041.1,50901.6,48419.6,50607.2,7.90022235
1642982400000,50533.2,52400.0,46450.5,51419.8,27.30223861
1643068800000,51343.5,52597.3,50155.1,51839.6,19.33347557
1643155200000,51862.6,54300.5,51206.2,51786.3,12.22953111
1643241600000,51936.9,52728.8,50376.4,52667.5,18.30585129
1643328000000,53005.8,54262.2,51923.6,54080.6,13.90467304
1643414400000,54017.8,55275.8,53589.3,54523.9,10.16718531
1643500800000,54688.8,55319.9,53515.4,54311.7,16.76751175
1643587200000,54162.9,54686.7,52300.0,54440.1,10.34081661
1643673600000,54473.1,55169.0,53692.1,54442.6,15.44912488
1643760000000,54360.8,54500.0,51536.5,51948.2,45.2124903
1643846400000,51855.8,52454.7,51122.0,52383.2,9.20357901
1643932800000,52354.8,58950.0,52077.5,58950.0,14.54816533
1644019200000,58799.7,59259.6,57714.5,58650.4,18.99521995
1644105600000,58662.3,60250.0,58528.8,60130.0,4.4728001
1644192000000,59954.0,62480.1,59115.4,61731.8,43.92924967
1644278400000,61731.9,63811.8,60138.5,61899.8,15.03200617
1644364800000,61890.3,62465.6,60500.0,61800.0,12.21392949
1644451200000,61800.0,63070.4,60490.6,60801.2,15.33923688
1644537600000,60781.3,61443.7,59027.1,59486.7,13.79477942
1644624000000,59575.8,60131.2,58691.2,59147.8,9.92727865
1644710400000,59348.0,59856.0,58850.0,59099.0,4.14941789
1644796800000,58967.0,60147.5,58500.0,59901.5,10.85344802
1644883200000,59733.1,62688.0,59593.1,62688.0,7.61674758
1644969600000,62485.0,62496.5,60763.1,61240.0,11.17532058
1645056000000,61044.2,61501.3,56000.0,56457.0,10.04853438
1645142400000,56418.0,57047.5,55237.4,55926.7,13.68898901
1645228800000,55814.2,56395.6,55433.2,56027.3,8.75326962
1645315200000,55995.5,56018.7,53000.0,53632.1,12.05506548
1645401600000,53664.7,54785.4,51409.6,51525.0,17.44757447
1645488000000,51706.9,53306.5,50714.9,53115.2,12.86080487
1645574400000,53093.7,53980.6,51356.9,51704.8,6.84393287
1645660800000,51658.4,55055.0,47870.1,53634.3,19.516019
1645747200000,53603.2,55000.0,52916.2,54296.9,9.51681741
1645833600000,54396.3,55698.0,53516.6,54211.8,3.27464122
1645920000000,54289.4,55310.3,51888.6,52572.9,22.15146034
1646006400000,52616.3,60637.0,52306.4,59634.8,10.86478266
1646092800000,59646.1,61876.4,59097.2,61307.8,18.45777995
1646179200000,61431.4,62090.6,59660.7,60371.8,17.21671052
1646265600000,60362.9,60558.8,57187.1,58028.0,15.62175745
1646352000000,58000.0,58100.1,52451.4,53180.0,9.2483193
1646438400000,53260.6,53885.1,52500.0,53659.3,6.17978988
1646524800000,53664.3,54062.4,51772.3,51980.0,10.47808498
1646611200000,51936.7,53738.6,50789.0,51837.8,11.13302256
1646697600000,51893.1,53991.3,51694.1,53239.1,7.60200565
1646784000000,53328.3,58251.4,53146.2,57451.8,11.93263228
1646870400000,57250.9,57548.8,52704.2,53652.4,12.58169497
1646956800000,53421.8,54871.4,52193.6,53175.8,7.09549942
1647043200000,53068.1,54070.4,53068.1,53303.6,9.26739005
1647129600000,53303.6,53909.4,51700.0,51757.4,8.10274827
1647216000000,51767.6,55359.9,51586.1,55131.5,21.1259334
1647302400000,55114.3,55430.3,53323.5,54654.5,27.27799735
1647388800000,54658.3,57943.6,53927.4,56550.6,22.61654575
1647475200000,56346.7,56655.2,55034.2,55622.7,12.06691758
1647561600000,55548.9,57000.0,54648.0,56481.6,6.79445659
1647648000000,56467.5,57241.9,56164.0,57058.3,5.5823936
1647734400000,57122.1,57163.6,55349.6,55700.2,5.44955332
1647820800000,55859.9,56246.0,54765.5,55575.2,4.61089539
1647907200000,55432.4,58460.3,55430.6,56782.6,9.65642908
1647993600000,56698.2,57302.5,56041.0,57263.2,5.7000832
1648080000000,57406.0,58856.9,57030.2,58453.9,19.28319269
1648166400000,58629.1,59999.9,58254.6,59263.4,15.01546025
1648252800000,59263.5,59798.3,58904.2,59505.6,6.48841524
1648339200000,59438.9,62564.2,58409.5,62338.0,10.4614347
1648425600000,62355.0,64380.2,62162.6,63051.7,7.95076572
1648512000000,62845.8,64172.9,62789.4,63265.8,7.56044894
1648598400000,63137.2,63411.9,62070.0,62816.2,11.49367349
1648684800000,62785.3,63363.1,60590.5,60707.2,6.47261192
1648771200000,60871.9,62294.2,59276.5,61805.5,5.2594863
1648857600000,61653.0,62926.6,61137.8,61254.6,5.38574513
1648944000000,61309.1,63290.9,60855.8,62082.3,4.06569542
1649030400000,62040.3,62154.6,60107.5,61908.7,11.07433737
1649116800000,61895.9,62089.9,59984.3,60351.2,10.32235364
1649203200000,60002.1,60175.5,57550.0,57550.0,12.55860108
1649289600000,57550.0,58665.0,57152.1,58207.7,8.27257415
1649376000000,58130.3,59131.1,56502.1,56731.6,9.13959371
1649462400000,56857.1,57568.5,56567.9,57568.5,9.86383062
1649548800000,57524.1,58154.6,56418.1,56661.1,3.82241782
1649635200000,56736.4,57014.4,53004.4,53344.4,12.82100661
1649721600000,53402.5,54598.7,52763.8,53788.8,14.27819517
1649808000000,53757.7,55812.3,53201.2,55307.4,13.43261098
1649894400000,55226.2,55764.2,53691.2,54046.9,9.73940566
1649980800000,54056.0,55273.3,53791.1,54938.2,6.9767392
1650067200000,54991.6,55132.5,54316.3,54849.7,2.52005573
1650153600000,54760.6,54906.9,53616.5,53770.7,4.18893069
1650240000000,53770.6,55883.3,52658.7,55616.6,9.09595845
1650326400000,55561.1,56549.8,55097.7,56262.0,6.53019233
1650412800000,56170.1,56864.1,55100.1,55645.8,5.91018124
1650499200000,55684.4,57684.6,54215.2,55148.6,12.65127882
1650585600000,54911.9,55899.8,54184.0,54951.7,7.6427027
1650672000000,54940.4,55164.2,54342.1,54599.4,2.49171857
1650758400000,54547.8,55103.5,54000.0,54569.6,2.76906103
1650844800000,54607.1,56555.6,53468.3,56354.6,3.88163444
1650931200000,56374.4,56684.3,52935.3,53274.7,10.98220962
1651017600000,53333.4,55309.7,53273.3,55018.7,13.83909983
1651104000000,55040.1,56700.0,54976.7,55910.7,6.78969608
1651190400000,55828.6,55956.1,53800.0,54680.3,11.33480249
1651276800000,54614.2,55035.1,53400.0,53423.6,6.29901381
1651363200000,53411.3,54813.0,53250.0,54362.7,3.33863045
1651449600000,54580.9,55484.5,54109.2,54879.8,7.93549108
1651536000000,54586.1,54633.7,53000.0,53219.0,12.3246292
1651622400000,53177.6,55222.3,53143.2,54808.5,9.86108183
1651708800000,54715.7,55108.4,50320.1,51349.2,15.50464489
1651795200000,51562.3,51562.3,50000.0,50951.0,12.3293151
1651881600000,50976.2,51072.8,49500.0,50356.9,2.46812676
1651968000000,50102.6,50214.1,47853.1,48242.2,9.92726757
1652054400000,48395.8,48873.1,43210.0,43254.9,25.56441203
1652140800000,43213.1,46804.7,42898.8,44670.1,27.75728352
1652227200000,44747.8,45801.7,39300.0,41584.6,30.62258492
1652313600000,41690.5,43372.0,37000.0,41460.7,36.36092513
1652400000000,41443.1,44751.6,41244.6,42100.3,13.78029732
1652486400000,42249.1,43565.8,41371.4,43385.0,10.66204584
1652572800000,43286.2,45065.8,42577.7,44991.7,1.5635477
1652659200000,44998.2,45021.7,41969.2,42718.1,11.98087379
1652745600000,42819.4,43623.4,42039.1,43310.3,16.39338479
1652832000000,43277.6,43570.9,41000.0,41040.4,12.5418365
1652918400000,41152.0,43032.2,41021.7,42898.5,8.63484734
1653004800000,42878.9,43553.8,40968.9,41509.1,9.84408652
1653091200000,41464.5,41926.8,41052.1,41805.6,3.01803397
1653177600000,41664.9,43062.2,41512.5,42850.9,6.28275581
1653264000000,42919.0,43062.9,40735.4,41075.7,11.01017718
1653350400000,41039.7,41794.3,40495.0,41714.0,10.88737558
1653436800000,41662.9,42478.5,41544.9,41695.0,12.34419639
1653523200000,41606.3,42208.3,39888.0,41204.0,14.81161644
1653609600000,41177.5,41270.0,39515.1,39952.0,8.87123116
1653696000000,39965.0,40698.5,39845.2,40650.0,2.82878862
1653782400000,40491.0,41127.7,40287.9,41031.0,3.97695679
1653868800000,41067.0,44573.5,40875.2,44117.1,15.83461213
1653955200000,43927.2,44950.0,43529.6,44386.0,9.8757755
1654041600000,44331.8,44391.2,40933.7,41514.9,10.46522745
1654128000000,41485.2,42190.1,41018.7,41902.1,10.27627829
1654214400000,41921.5,42233.8,40551.9,41180.1,10.88833208
1654300800000,41228.6,41492.8,40933.8,41404.7,2.14336915
1654387200000,41366.7,41780.7,41036.0,41540.7,1.61694455
1654473600000,41529.7,43922.8,41529.7,43646.8,10.34338881
1654560000000,43560.7,43617.7,40782.0,43160.0,14.98658773
1654646400000,43011.1,43272.4,41584.7,42074.0,10.65098371
1654732800000,42000.0,42647.0,41786.2,42172.7,39.57741328
1654819200000,42188.5,42433.6,40900.0,41214.5,21.19758239
1654905600000,41261.8,41736.6,39973.3,40333.8,6.53585886
1654992000000,40449.8,40495.9,37800.0,37806.2,8.0776978
1655078400000,37907.4,38280.0,31591.6,32315.0,59.08026777
1655164800000,32314.9,33370.0,30054.3,32221.8,26.61971903
1655251200000,32066.5,32532.1,29008.5,32160.6,34.99598305
1655337600000,32165.3,32559.2,28765.0,28951.0,15.50480731
1655424000000,28914.0,30403.9,28765.5,29588.2,26.04969143
1655510400000,29490.3,29820.8,25500.0,27493.5,31.52817981
1655596800000,27396.9,29906.6,25968.3,29515.0,16.93054351
1655683200000,29692.9,30099.4,28382.2,29494.1,27.04016484
1655769600000,29577.9,30993.1,29196.9,29798.4,19.93352573
1655856000000,29758.4,30068.8,28670.2,28943.8,24.54202527
1655942400000,28971.5,30674.2,28918.1,30554.0,14.01243195
1656028800000,30553.5,31007.4,30005.9,30780.0,12.5705422
1656115200000,30593.9,31062.0,30169.0,30986.3,21.36683793
1656201600000,30951.7,31456.1,30240.6,30240.9,7.67528617
1656288000000,30300.9,31056.2,29684.1,29929.3,15.07228968
1656374400000,29995.6,30476.0,29269.2,29274.5,10.20712063
1656460800000,29365.0,29558.6,28858.6,29230.1,15.96386953
1656547200000,29254.3,29300.0,27026.1,28768.0,36.6479302
1656633600000,28794.2,29982.0,28000.0,28270.4,16.96100018
1656720000000,28266.9,28389.8,27888.9,28180.5,9.02310355
1656806400000,28228.9,28684.6,27590.0,28304.4,5.42994864
1656892800000,28258.6,29478.9,27856.1,29425.4,12.76652743
1656979200000,29425.3,30474.1,28491.8,29714.6,12.83143672
1657065600000,29671.5,30393.9,29049.0,30287.0,12.07295348
1657152000000,30345.4,31910.9,29754.7,31578.1,11.43023073
1657238400000,31622.7,32655.5,31044.1,31426.7,30.62052463
1657324800000,31442.5,31893.9,31184.6,31510.1,5.37660407
1657411200000,31396.1,31401.7,30195.4,30474.3,4.08240049
1657497600000,30295.7,30630.6,29500.1,29700.5,15.19963905
1657584000000,29556.6,29795.1,28524.9,28588.9,25.5006611
1657670400000,28685.9,30083.0,28123.0,30083.0,17.12325574
1657756800000,30050.2,30842.5,29282.1,30471.3,15.12710846
1657843200000,30346.3,31217.4,30252.5,30693.9,10.35806293
1657929600000,30592.9,31845.9,30215.0,31319.2,4.88499012
1658016000000,31285.0,31882.6,30538.6,30538.6,7.83726875
1658102400000,30581.6,33316.2,30566.9,33103.1,21.71446323
1658188800000,32851.7,34502.2,31559.1,34042.3,15.7453799
1658275200000,33919.6,35231.1,33250.5,33813.3,15.40906064
1658361600000,33846.8,34029.5,32635.0,33704.2,16.89300806
1658448000000,33472.3,34242.5,32679.1,32926.5,9.23146922
1658534400000,32778.0,33326.6,31774.6,32495.2,13.02105345
1658620800000,32521.4,33243.0,32224.7,32718.5,4.37442043
1658707200000,32749.1,32833.9,30564.8,30722.3,44.56538326
1658793600000,30707.6,30737.9,29968.6,30720.3,11.75669391
1658880000000,30673.5,33946.7,30458.6,32984.2,41.20604018
1658966400000,32943.3,34701.7,32617.6,34167.7,30.33712189
1659052800000,34167.7,34928.1,33859.3,34239.6,16.78978046
1659139200000,34198.8,35231.3,33814.4,34006.1,15.79698547
1659225600000,33998.3,34751.4,33410.3,33637.6,15.04863648
1659312000000,33491.8,33703.3,32553.6,33333.5,11.40245454
1659398400000,33191.5,33773.7,32589.1,33415.3,14.02240355
1659484800000,33415.2,34076.3,32904.1,33017.2,11.25340378
1659571200000,32999.6,33441.9,32053.4,32577.4,23.15617763
1659657600000,32535.8,33756.8,32535.8,33533.1,10.97529955
1659744000000,33718.9,33809.2,33434.6,33434.6,3.27672701
1659830400000,33227.7,33897.3,33165.6,33612.9,7.60778317
1659916800000,33610.9,34794.5,33524.1,34070.1,16.99867605
1660003200000,34040.0,34335.7,33000.0,33281.1,13.42714736
1660089600000,33296.4,34398.2,32666.9,33847.9,22.24613732
1660176000000,33944.2,35191.9,33666.4,33812.4,21.61718181
1660262400000,33751.9,34412.8,33500.0,34350.0,13.69412916
1660348800000,34359.6,34895.0,34082.2,34268.3,8.88882545
1660435200000,34321.9,35241.5,34100.0,34321.2,8.41641869
1660521600000,34284.8,35500.0,33900.0,34440.8,23.47336693
1660608000000,34433.3,34633.5,33895.6,34039.7,16.8297298
1660694400000,34007.5,35000.0,33550.8,33655.6,27.78180787
1660780800000,33748.1,34046.3,33600.0,33622.2,12.20126347
1660867200000,33600.0,33600.0,28943.9,30393.8,29.2203424
1660953600000,30507.5,31205.9,30392.8,30823.6,8.56456591
1661040000000,30808.2,31696.2,30690.1,31322.3,5.02311348
1661126400000,31372.6,31401.5,30326.2,31151.0,22.1056221
1661212800000,31136.6,31325.0,30525.5,31134.7,18.1570709
1661299200000,31108.8,31567.7,30678.8,30988.7,23.36395128
1661385600000,30988.7,31288.2,30823.7,31020.1,13.35870535
1661472000000,31020.1,31269.9,29209.8,29280.8,16.96028565
1661558400000,29359.6,29598.3,28693.0,29186.5,6.20574543
1661644800000,29127.6,29388.8,28600.0,28600.0,5.97481699
1661731200000,28666.8,29517.7,28519.7,29505.5,20.95235716
1661817600000,29442.5,29834.4,28694.6,28940.7,15.15886035
1661904000000,29008.4,29789.4,29008.4,29412.5,14.53209656
1661990400000,29358.7,29667.8,28932.2,29667.8,11.99374387
1662076800000,29606.9,29910.8,29099.9,29314.8,15.06895964
1662163200000,29314.9,29502.8,29000.0,29192.2,3.56741788
1662249600000,29224.0,29511.6,28859.6,29503.7,7.6663954
1662336000000,29542.2,29588.7,29000.0,29097.1,7.56540547
1662422400000,29112.7,29589.3,27897.4,27977.5,12.53214522
1662508800000,27992.9,28733.4,27751.5,28628.4,10.63401354
1662595200000,28741.4,28856.8,28352.3,28597.2,11.31134494
1662681600000,28594.4,31360.2,28486.1,31247.1,12.04398013
1662768000000,31128.7,31878.3,30953.5,31721.2,4.52580945
1662854400000,31701.4,31902.7,31287.2,31902.7,8.53659996
1662940800000,31809.0,32682.7,31615.2,32524.0,14.21266657
1663027200000,32554.6,33023.4,29683.8,30025.9,15.84476878
1663113600000,29906.0,30457.6,29138.3,30053.1,10.10127555
1663200000000,30046.0,30093.0,29055.6,29500.0,8.6890936
1663286400000,29560.4,29750.0,29000.0,29508.7,19.67421762
1663372800000,29517.3,30036.8,29517.3,30027.4,6.88144481
1663459200000,29876.6,29975.2,28890.2,28890.2,4.22695201
1663545600000,28904.1,29309.7,27499.9,29121.2,24.12906193
1663632000000,29108.5,29167.8,28117.8,28269.0,9.16862305
1663718400000,28220.3,30247.7,27519.7,28020.9,16.09154073
1663804800000,27956.8,29349.5,27924.7,29216.8,18.72009813
1663891200000,29233.3,29747.6,28332.0,29610.0,14.03131894
1663977600000,29502.4,29502.4,28941.0,29008.2,9.35311668
1664064000000,29031.3,29387.6,28682.4,28812.4,5.43740897
1664150400000,28829.4,29772.3,28749.6,29711.1,13.60811041
1664236800000,29676.5,31417.9,29400.0,29671.5,8.92499139
1664323200000,29671.5,30238.9,28944.7,29890.6,14.50329031
1664409600000,29849.0,30250.0,29297.4,30062.0,12.20925256
1664496000000,30036.3,31271.1,29581.1,30345.4,14.1966257
1664582400000,30349.6,30444.2,30086.4,30190.4,4.8459565
1664668800000,30165.0,30297.4,29497.0,29709.8,36.77494867
1664755200000,29729.2,30259.9,29607.3,30134.3,14.94845544
1664841600000,30185.3,31431.5,29996.9,31249.7,16.78691011
1664928000000,31058.8,31376.3,30766.2,30954.5,10.00782441
1665014400000,31005.6,31475.3,30911.2,31177.1,14.3080812
1665100800000,31117.2,31299.6,30391.0,30750.1,12.58237484
1665187200000,30768.7,30849.4,30329.9,30466.3,5.47331259
1665273600000,30572.2,30699.9,28000.0,30376.9,37.53098183
1665360000000,30437.1,30767.6,30297.0,30388.7,26.11843529
1665446400000,30374.9,30535.0,30155.2,30385.0,15.80071601
1665532800000,30389.5,30673.6,30389.5,30495.2,6.31470679
1665619200000,30509.7,30897.9,29087.3,30747.9,25.71149624
1665705600000,30700.7,31452.6,30700.7,30955.2,16.4054047
1665792000000,30996.0,30996.9,30669.0,30730.2,5.4258838
1665878400000,30777.8,31127.8,30774.2,30984.1,8.0124844
1665964800000,30982.6,31275.0,30725.1,31016.2,12.38423638
1666051200000,31039.3,31192.9,30410.5,30597.2,17.2776628
1666137600000,30594.9,30784.3,30464.0,30551.3,7.91391164
1666224000000,30531.9,30742.8,30250.7,30411.1,10.4764407
1666310400000,30433.4,30525.1,29970.1,30035.1,17.77625899
1666396800000,30079.9,30221.9,29990.0,30164.8,5.93500228
1666483200000,30180.9,30832.9,30050.7,30722.6,11.43103487
1666569600000,30752.1,30842.8,30422.9,30580.0,20.26252501
1666656000000,30580.0,31925.1,30442.5,31387.9,19.83110018
1666742400000,31500.0,32449.1,31406.3,32000.6,21.76609755
1666828800000,32005.6,32143.7,31409.2,31478.8,17.45197771
1666915200000,31537.5,32415.6,31300.0,32206.1,18.85747981
1667001600000,32139.1,32823.6,32110.5,32486.1,5.07737073
1667088000000,32504.8,32639.8,32124.2,32200.5,2.8008643
1667174400000,32221.9,32555.0,31869.0,31994.4,14.45625502
1667260800000,31930.7,32133.3,31747.1,32113.2,11.59395943
1667347200000,31955.3,32252.4,31572.0,31845.0,20.56937905
1667433600000,31819.8,32350.4,31806.4,32178.7,14.80933062
1667520000000,32116.6,32857.4,32040.8,32758.0,14.32997499
1667606400000,32758.0,33236.1,32675.0,32966.6,5.26804225
1667692800000,32993.9,33089.3,32503.3,32514.6,13.65163721
1667779200000,32532.7,32877.5,31572.0,31842.9,17.58224799
1667865600000,31859.8,32014.1,27000.0,28567.6,63.15349524
1667952000000,28624.5,28697.5,24302.1,24729.2,65.09351915
1668038400000,24738.6,27445.6,24654.0,26636.1,34.74192481
1668124800000,26500.1,26750.0,24616.9,25380.3,31.91176612
1668211200000,25378.0,25432.7,24794.6,24944.3,12.37848757
1668297600000,24944.3,25175.9,24163.2,24286.3,15.62861431
1668384000000,24291.8,25361.8,23519.4,24784.9,28.92880654
1668470400000,24726.1,25227.5,24587.8,24892.4,25.43393324
1668556800000,24931.4,25145.0,24276.6,24685.9,19.05823699
1668643200000,24785.3,25000.2,24467.6,24861.8,27.84441407
1668729600000,24923.4,25306.2,24540.6,24930.7,38.16195707
1668816000000,24955.0,25196.5,24808.4,25071.7,5.72978927
1668902400000,25047.2,25066.9,24289.7,24304.2,10.0421413
1668988800000,24304.0,24549.4,23000.0,23841.4,54.37654799
1669075200000,23782.2,24509.0,23423.3,24394.9,77.40430658
1669161600000,24379.2,24988.8,24278.4,24647.9,26.43471539
1669248000000,24594.8,24857.3,24391.7,24522.5,13.58207127
1669334400000,24501.3,24601.0,24192.3,24528.1,22.3037191
1669420800000,24535.3,24772.8,24352.5,24445.8,7.9162446
1669507200000,24431.2,24722.1,24431.2,24490.8,8.83394968
1669593600000,24528.9,24607.1,24092.3,24406.1,19.43969706
1669680000000,24384.0,24710.4,24276.8,24701.0,11.35900042
1669766400000,24694.1,25556.1,24632.0,25328.7,11.62089268
1669852800000,25300.0,25358.9,24829.2,24956.2,9.4512425
1669939200000,24955.8,25186.2,24832.8,25160.9,17.26505422
1670025600000,25190.2,25215.0,24882.5,24910.6,6.54155022
1670112000000,24892.5,25237.2,24892.5,25185.2,6.66681029
1670198400000,25185.0,25558.5,25120.1,25277.6,16.57822389
1670284800000,25276.8,25549.7,25181.3,25512.7,6.14350727
1670371200000,25510.4,25530.3,24956.4,25049.1,14.60285844
1670457600000,25078.9,31200.0,24887.9,25511.6,15.68271173
1670544000000,25459.4,25546.0,25161.7,25229.6,11.53488634
1670630400000,25231.7,25390.1,25223.2,25255.0,3.66696863
1670716800000,25255.0,25481.6,25190.2,25238.8,7.33637955
1670803200000,25233.0,25441.9,24971.2,25435.6,23.25312912
1670889600000,25420.2,26124.5,25253.7,25888.8,24.6841007
1670976000000,25907.4,26632.0,25729.8,25952.6,20.4110861
1671062400000,25961.0,26195.7,25686.0,25890.6,19.00604841
1671148800000,25849.6,26160.0,24750.0,24874.6,25.03274852
1671235200000,24865.2,25106.6,24818.5,25098.9,8.7490725
1671321600000,25029.0,25103.7,24900.0,25075.0,5.98240667
1671408000000,25005.5,25106.4,24333.2,24503.3,17.76129202
1671494400000,24526.8,25494.7,24511.4,25289.9,15.19138082
1671580800000,25250.0,25345.3,24930.5,25013.9,18.34113492
1671667200000,25040.5,25220.9,24819.8,25203.6,12.51953042
1671753600000,25201.6,25266.6,24974.1,25002.6,15.52185371
1671840000000,24991.6,25163.4,24966.5,25123.4,7.75198461
1671926400000,25122.9,25156.4,24991.6,25124.1,20.1136858
1672012800000,25130.0,25213.0,24986.1,25003.0,14.7426432
1672099200000,25101.5,25130.3,24663.6,24840.8,4.85776233
1672185600000,24804.2,24885.1,24476.3,24540.0,24.61333956
1672272000000,24537.9,24764.1,24464.9,24610.6,11.59532498
1672358400000,24608.8,24628.4,24146.7,24358.4,10.82874158
1672444800000,24376.4,24418.1,24206.5,24303.6,6.11283522
1672531200000,24280.1,24435.1,24250.2,24414.5,4.7626789
1672617600000,24416.9,24648.5,24321.9,24556.8,7.36954426
1672704000000,24500.0,25021.5,24437.9,24796.2,11.91781981
1672790400000,24785.4,24953.2,24420.9,24685.2,13.34210788
1672876800000,24679.5,25003.4,24604.2,24905.4,14.34088412
1672963200000,24904.9,24959.5,24488.4,24671.4,17.92636953
1673049600000,24670.2,24717.0,24618.8,24695.5,12.66520307
1673136000000,24707.1,24869.6,24636.1,24869.6,16.38062893
1673222400000,24891.9,25048.0,24752.6,24863.2,18.83151024
1673308800000,24859.3,25377.8,24814.3,25295.4,9.29873719
1673395200000,25290.0,26005.8,25104.7,26005.8,15.31106852
1673481600000,25977.8,27315.4,25900.0,27096.0,11.07651447
1673568000000,27085.6,28600.0,26940.3,28585.3,10.14455246
1673654400000,28565.7,30452.8,28565.7,30125.0,21.50795577
1673740800000,30030.0,30097.1,29486.7,29919.9,6.05180069
1673827200000,29886.1,30779.3,29696.3,30393.7,17.90582558
1673913600000,30355.4,30882.7,30002.0,30264.5,16.4348504
1674000000000,30308.8,30560.0,29250.0,29799.0,21.69273537
1674086400000,29779.8,30580.1,29758.3,30450.0,31.75349713
1674172800000,30449.9,32605.1,30005.7,32585.0,15.24174159
1674259200000,32581.5,33597.9,32358.0,32799.1,11.80594656
1674345600000,32798.9,33234.9,32145.4,32610.5,6.9515108
1674432000000,32555.4,33021.7,32312.0,32694.9,10.82544932
1674518400000,32644.5,32940.0,32104.0,32145.7,9.66629053
1674604800000,32230.7,33450.3,31590.6,32553.2,43.7769738
1674691200000,32542.8,32740.8,32221.8,32418.4,12.93641829
1674777600000,32408.2,32975.8,31749.0,32527.5,14.23574473
1674864000000,32467.0,32649.6,32234.1,32381.8,6.00535959
1674950400000,32483.7,33683.8,32365.2,33511.2,11.01627094
1675036800000,33502.0,33557.7,32041.4,32433.3,18.47923443
1675123200000,32425.0,33064.1,32300.0,32852.0,19.65588562
1675209600000,32858.9,33391.9,32395.5,33242.6,23.16883826
1675296000000,33242.6,34154.5,33197.0,33197.0,20.63653206
1675382400000,33439.7,34036.1,33171.5,33890.0,13.85222489
1675468800000,33864.5,34075.7,33602.7,33707.7,13.85858994
1675555200000,33711.3,33886.9,33001.0,33208.5,9.70880646
1675641600000,33234.5,33700.7,32682.7,33034.9,13.67926487
1675728000000,33027.8,33499.9,32919.6,33383.9,12.63323068
1675814400000,33380.0,33598.7,32800.0,33147.6,17.79968337
1675900800000,33156.7,33250.8,31296.6,31504.7,14.21135199
1675987200000,31426.3,31716.0,31094.4,31298.3,16.7898647
1676073600000,31255.1,31688.4,31251.7,31685.1,3.24628669
1676160000000,31679.3,31986.9,31322.3,31479.7,5.46466319
1676246400000,31545.2,31993.3,30700.8,31993.3,18.96030214
1676332800000,31251.9,31947.1,30995.9,31755.5,24.56631301
1676419200000,31748.8,35256.4,31594.3,35139.0,37.83271064
1676505600000,35177.8,36659.9,34200.7,34309.9,42.85635581
1676592000000,34200.7,36310.2,34090.8,35730.1,18.69867989
1676678400000,35730.6,36068.7,35586.5,35885.6,4.39675792
1676764800000,35869.1,36682.8,35341.0,35453.8,6.33904732
1676851200000,35381.9,36241.2,34747.6,35805.7,33.70638543
1676937600000,35930.2,36641.7,35190.7,35627.8,24.34566778
1677024000000,35491.4,35629.2,34713.2,35570.1,21.21146798
1677110400000,35577.1,36073.9,34770.0,35117.6,23.73642864
1677196800000,35166.1,35521.4,34000.0,34500.9,15.848851
1677283200000,34500.2,34555.0,34082.0,34524.5,12.73093445
1677369600000,34473.9,35227.0,34405.0,34987.0,5.52866845
1677456000000,34987.5,35499.9,34401.4,34855.1,14.88168731
1677542400000,34798.0,34970.4,34358.5,34367.6,8.94972375
1677628800000,34390.9,35365.9,34390.9,34945.6,9.71327842
1677715200000,34945.9,35114.2,34525.1,34842.6,10.12081157
1677801600000,34779.1,34812.2,32753.6,33028.3,18.54303558
1677888000000,32975.3,33192.1,32915.8,33088.3,5.69124329
1677974400000,33124.5,33584.8,33051.7,33244.8,6.02369394
1678060800000,33255.2,33525.9,33043.9,33224.1,13.96277503
1678147200000,33238.7,33795.4,33180.4,33632.3,13.91957794
1678233600000,33632.3,33749.1,32798.9,32829.3,21.05393107
1678320000000,32815.3,33015.3,30492.2,30957.4,18.94218549
1678406400000,30925.0,30925.0,29789.0,30644.8,19.24548842
1678492800000,30738.5,31605.9,29806.7,30897.0,41.73218601
1678579200000,30985.6,33262.5,30735.1,33212.6,13.85026046
1678665600000,33181.5,36446.7,32653.4,35755.6,45.82967795
1678752000000,35754.4,39264.9,35641.3,36748.3,42.6510146
1678838400000,36748.8,37730.8,36071.0,36682.6,18.21660157
1678924800000,36689.4,37842.9,36414.1,37562.2,14.4134571
1679011200000,37594.9,41570.7,37435.4,40919.6,24.25672143
1679097600000,40932.6,41476.4,40017.4,40305.2,23.37340824
1679184000000,40334.8,42400.0,40099.0,41779.8,17.08406377
1679270400000,41829.2,42675.0,40717.7,41416.1,29.85813358
1679356800000,41387.7,42729.8,40984.3,42191.4,14.53832267
1679443200000,42190.0,43105.7,39775.8,40748.0,32.97615598
1679529600000,40745.8,42649.0,40495.4,42344.3,19.94766326
1679616000000,42421.9,42500.0,40690.3,41227.3,38.18096095
1679702400000,41283.5,41727.6,40922.5,41374.2,10.83324101
1679788800000,41372.4,42396.5,41335.3,42108.6,12.90124736
1679875200000,42109.5,42224.4,40000.0,40715.8,18.43018062
1679961600000,40712.1,40875.7,39926.3,40619.2,5.86645125
1680048000000,40646.2,42800.0,40639.0,42317.6,14.55177792
1680134400000,42380.7,43500.0,41363.9,41674.6,12.4799106
1680220800000,41734.5,42758.3,41218.3,42564.4,5.33620812
1680307200000,42574.8,42868.3,42292.5,42553.9,5.5694257
1680393600000,42582.1,42674.6,41741.9,42306.9,4.07713158
1680480000000,42307.0,42434.0,40219.9,40913.6,22.89540649
1680566400000,40983.7,42122.0,40781.3,41685.9,10.47122705
1680652800000,41689.5,42710.0,41446.3,41940.5,7.61295648
1680739200000,41939.4,42122.0,41493.9,41983.4,15.06274894
1680825600000,41988.5,42091.5,41593.6,41888.9,1.41547241
1680912000000,41863.2,42156.6,41778.8,41907.4,3.19049842
1680998400000,41872.8,42778.1,41770.7,42430.2,4.11988735
1681084800000,42479.4,44794.4,42309.8,44523.8,9.14292519
1681171200000,44585.1,45833.6,44535.7,45355.8,9.71690519
1681257600000,45382.1,45505.0,44500.0,44603.1,15.42221393
1681344000000,44620.2,45144.8,44601.3,44800.2,10.66677892
1681430400000,44833.4,45788.7,44720.5,45385.5,23.29445663
1681516800000,45459.3,45564.4,45132.6,45263.8,3.83709331
1681603200000,45253.0,45581.5,45066.5,45163.7,4.41871398
1681689600000,45272.5,45272.5,43555.8,43921.3,34.46042266
1681776000000,43948.9,45262.3,43506.8,45038.4,20.09376974
1681862400000,45008.5,45041.8,42704.2,42974.2,19.0662932
1681948800000,42954.6,43297.5,41615.4,41882.8,22.47648267
1682035200000,41884.9,42201.9,40638.8,40742.7,21.28455035
1682121600000,40800.5,41831.1,40675.0,41773.0,7.55095602
1682208000000,41771.7,41771.7,41105.8,41365.0,4.54737523
1682294400000,41365.0,41926.1,40970.2,41121.5,7.62992307
